date,url
December 15,https://www.hofstra.edu/admission/apply.html
November,https://www.hofstra.edu/admission/apply.html
February,https://www.hofstra.edu/admission/apply.html
August 1,https://www.hofstra.edu/admission/apply.html
December 1,https://www.hofstra.edu/admission/apply.html
January,https://www.hofstra.edu/admission/apply.html
November 15,https://www.hofstra.edu/admission/apply.html
March 1,https://www.hofstra.edu/admission/apply.html
September,https://www.hofstra.edu/admission/apply.html
January 15,https://www.hofstra.edu/admission/apply.html
February 1,https://www.hofstra.edu/admission/apply.html
May 1,https://www.hofstra.edu/admission/apply.html
,
